Item Type,Sequence,Human Code,Full Statement,Ed. Level,Last Modified
Discipline,1,HE,Health Education,,2023-11-13T19:58:22+00:00
Education Level,1.1,HE.1,Grades PK-2,PK-2,2023-11-15T14:38:50+00:00
Standard,1.1.1,HE.1.1,Students will comprehend concepts related to health promotion and disease prevention to enhance health. ,,2023-11-13T19:58:22+00:00
Learning Priority,1.1.1.1,HE.1.1.LR,Develop age-appropriate cognitive understanding of health promotion concepts to improve health behaviors.,,2023-11-13T19:58:22+00:00
Focus Area,1.1.1.1.1,HE.1.1.LR.A,Describe healthy behaviors.,,2023-11-13T19:58:22+00:00
Learning Continuum,1.1.1.1.1.1,HE.1.1.LR.A.1,Describe ways to prevent common childhood accidents and injuries.,,2023-11-13T19:58:22+00:00
Learning Continuum,1.1.1.1.1.2,HE.1.1.LR.A.2,Describe healthy behaviors that impact personal health.,,2023-11-13T19:58:22+00:00
Learning Continuum,1.1.1.1.1.3,HE.1.1.LR.A.3,List ways to prevent communicable disease.,,2023-11-13T19:58:22+00:00
Focus Area,1.1.1.1.2,HE.1.1.LR.B,Apply knowledge of healthy behaviors.,,2023-11-13T19:58:22+00:00
Learning Continuum,1.1.1.1.2.1,HE.1.1.LR.B.1,Describe why it is important to seek health care.,,2023-11-13T19:58:22+00:00
Learning Continuum,1.1.1.1.2.2,HE.1.1.LR.B.2,Describe why it is important to participate in healthy behaviors.,,2023-11-13T19:58:22+00:00
Learning Continuum,1.1.1.1.2.3,HE.1.1.LR.B.3,"Use multiple dimensions of health (e.g., physical, social, environmental, and emotional) in everyday life.",,2023-11-13T19:58:22+00:00
Standard,1.1.2,HE.1.2,"Students will analyze the influence of family, peers, culture, media, technology, and other factors on health behaviors.",,2023-11-13T19:58:22+00:00
Learning Priority,1.1.2.1,HE.1.2.LR,Know what an influence is and how it could affect behaviors.,,2023-11-13T19:58:22+00:00
Focus Area,1.1.2.1.1,HE.1.2.LR.A,List influences on health behaviors.,,2023-11-13T19:58:22+00:00
Learning Continuum,1.1.2.1.1.1,HE.1.2.LR.A.1,Identify internal and external factors that may influence health behaviors.,,2023-11-13T19:58:22+00:00
Focus Area,1.1.2.1.2,HE.1.2.LR.B,Analyze various influences on health behaviors.,,2023-11-13T19:58:22+00:00
Learning Continuum,1.1.2.1.2.1,HE.1.2.LR.B.1,"Discuss how family, emotions, peers, and media can influence health behaviors.",,2023-11-13T19:58:22+00:00
Standard,1.1.3,HE.1.3,Students will demonstrate the ability to access valid information and products and services to enhance health.,,2023-11-13T19:58:22+00:00
Learning Priority,1.1.3.1,HE.1.3.LR,Identify individuals who provide valid health information to enhance health behaviors.,,2023-11-13T19:58:22+00:00
Focus Area,1.1.3.1.1,HE.1.3.LR.A,Identify where to get help to promote health.,,2023-11-13T19:58:22+00:00
Learning Continuum,1.1.3.1.1.1,HE.1.3.LR.A.1,Identify trusted adults and professionals who can help promote health.,,2023-11-13T19:58:22+00:00
Learning Continuum,1.1.3.1.1.2,HE.1.3.LR.A.2,Describe ways to locate school and community health individuals.,,2023-11-13T19:58:22+00:00
Standard,1.1.4,HE.1.4,Students will demonstrate the ability to use interpersonal communication skills to enhance health and avoid or reduce health risks.,,2023-11-13T19:58:22+00:00
Learning Priority,1.1.4.1,HE.1.4.LR,Identify and apply effective interpersonal communication skills.,,2023-11-13T19:58:22+00:00
Focus Area,1.1.4.1.1,HE.1.4.LR.A,Identify communication skills that can improve health and reduce health risks.,,2023-11-13T19:58:22+00:00
Learning Continuum,1.1.4.1.1.1,HE.1.4.LR.A.1,Identify ways to communicate.,,2023-11-13T19:58:22+00:00
Learning Continuum,1.1.4.1.1.2,HE.1.4.LR.A.2,"Identify ways to express needs, wants, and feelings.",,2023-11-13T19:58:22+00:00
Focus Area,1.1.4.1.2,HE.1.4.LR.B,Apply communication skills that can improve health and reduce health risks.,,2023-11-13T19:58:22+00:00
Learning Continuum,1.1.4.1.2.1,HE.1.4.LR.B.1,"Describe ways to respond when in an unwanted, threatening, or dangerous situation.",,2023-11-13T19:58:22+00:00
Learning Continuum,1.1.4.1.2.2,HE.1.4.LR.B.2,Use refusal skills including firmly saying no and getting away from the situation.,,2023-11-13T19:58:22+00:00
Learning Continuum,1.1.4.1.2.3,HE.1.4.LR.B.3,Explain how to communicate to a trusted adult if threatened or harmed.,,2023-11-13T19:58:22+00:00
Standard,1.1.5,HE.1.5,Students will demonstrate the ability to use decision-making skills to enhance health.,,2023-11-13T19:58:22+00:00
Learning Priority,1.1.5.1,HE.1.5.LR,Identify when a decision-making process is needed to choose a healthy option.,,2023-11-13T19:58:22+00:00
Focus Area,1.1.5.1.1,HE.1.5.LR.A,List health situations where a decision-making process could be used.,,2023-11-13T19:58:22+00:00
Learning Continuum,1.1.5.1.1.1,HE.1.5.LR.A.1,Identify steps in the decision-making process.,,2023-11-13T19:58:22+00:00
Learning Continuum,1.1.5.1.1.2,HE.1.5.LR.A.2,Provide an example of a situation when a health-related decision is needed to keep one safe.,,2023-11-13T19:58:22+00:00
Learning Continuum,1.1.5.1.1.3,HE.1.5.LR.A.3,Create a decision-making plan with family members or trusted adult.,,2023-11-13T19:58:22+00:00
Focus Area,1.1.5.1.2,HE.1.5.LR.B,Apply a decision-making process to various situations to enhance health.,,2023-11-13T19:58:22+00:00
Learning Continuum,1.1.5.1.2.1,HE.1.5.LR.B.1,Provide an example of when a health-related decision can be made individually.,,2023-11-13T19:58:22+00:00
Learning Continuum,1.1.5.1.2.2,HE.1.5.LR.B.2,Provide an example of when assistance is needed to make a health-related decision.,,2023-11-13T19:58:22+00:00
Standard,1.1.6,HE.1.6,Students will demonstrate the ability to use goal-setting skills to enhance health.,,2023-11-13T19:58:22+00:00
Learning Priority,1.1.6.1,HE.1.6.LR,Know the parts of a personal health goal.,,2023-11-13T19:58:22+00:00
Focus Area,1.1.6.1.1,HE.1.6.LR.A,List personal health goals.,,2023-11-13T19:58:22+00:00
Learning Continuum,1.1.6.1.1.1,HE.1.6.LR.A.1,Identify a personal health goal.,,2023-11-13T19:58:22+00:00
Learning Continuum,1.1.6.1.1.2,HE.1.6.LR.A.2,Identify steps to achieve a goal.,,2023-11-13T19:58:22+00:00
Learning Continuum,1.1.6.1.1.3,HE.1.6.LR.A.3,Discuss a health goal with a family member or trusted adult.,,2023-11-13T19:58:22+00:00
Standard,1.1.7,HE.1.7,Students will demonstrate the ability to use health-enhancing behaviors and avoid or reduce health risks.,,2023-11-13T19:58:22+00:00
Learning Priority,1.1.7.1,HE.1.7.LR,Demonstrate health-enhancing behaviors.,,2023-11-13T19:58:22+00:00
Focus Area,1.1.7.1.1,HE.1.7.LR.A,Demonstrate health-enhancing behaviors.,,2023-11-13T19:58:22+00:00
Learning Continuum,1.1.7.1.1.1,HE.1.7.LR.A.1,"Demonstrate health-enhancing practices and behaviors. These may include but are not limited to proper hygiene, physical activity, and healthy eating.",,2023-11-13T19:58:22+00:00
Learning Continuum,1.1.7.1.1.2,HE.1.7.LR.A.2,"Demonstrate behaviors that avoid or reduce health risk. These may include but are not limited to looking both ways before crossing the street, wearing a seat belt, wearing a bike helmet, and removing oneself from threatening situations.",,2023-11-13T19:58:22+00:00
Standard,1.1.8,HE.1.8,"Students will demonstrate the ability to advocate for personal, family, and community health.",,2023-11-13T19:58:22+00:00
Learning Priority,1.1.8.1,HE.1.8.LR,Recognize the differences between health needs and personal wants.,,2023-11-13T19:58:22+00:00
Focus Area,1.1.8.1.1,HE.1.8.LR.A,Identify ways to express health needs and personal wants.,,2023-11-13T19:58:22+00:00
Learning Continuum,1.1.8.1.1.1,HE.1.8.LR.A.1,Define health needs and personal wants.,,2023-11-13T19:58:22+00:00
Learning Continuum,1.1.8.1.1.2,HE.1.8.LR.A.2,Express health needs and personal wants with family members or trusted adults.,,2023-11-13T19:58:22+00:00
Focus Area,1.1.8.1.2,HE.1.8.LR.B,Develop strategies to communicate personal differences between health needs and personal wants that affect health.,,2023-11-13T19:58:22+00:00
Learning Continuum,1.1.8.1.2.1,HE.1.8.LR.B.1,"Communicate knowledge of healthy and unhealthy behaviors to family members, trusted adults, or friends.",,2023-11-13T19:58:22+00:00
Learning Continuum,1.1.8.1.2.2,HE.1.8.LR.B.2,Identify role models for healthy habits.,,2023-11-13T19:58:22+00:00
Learning Continuum,1.1.8.1.2.3,HE.1.8.LR.B.3,Encourage friends and classmates to make healthy choices.,,2023-11-13T19:58:22+00:00
Education Level,1.2,HE.2,Grades 3-5,3-5,2023-11-15T14:39:27+00:00
Standard,1.2.1,HE.2.1,Students will comprehend concepts related to health promotion and disease prevention to enhance health. ,,2023-11-13T19:58:22+00:00
Learning Priority,1.2.1.1,HE.2.1.LR,Develop age-appropriate cognitive understanding of health promotion concepts to improve health behaviors and prevent disease.,,2023-11-13T19:58:22+00:00
Focus Area,1.2.1.1.1,HE.2.1.LR.A,Describe basic concepts related to health promotion and disease prevention.,,2023-11-13T19:58:22+00:00
Learning Continuum,1.2.1.1.1.1,HE.2.1.LR.A.1,"Describe ways to prevent common childhood accidents, injuries, and communicable and chronic diseases. These may include but are not limited to refraining from alcohol, tobacco, and other drug use; engaging in physical activity; demonstrating healthy eating; applying social behaviors to prevent or reduce violence; safety and related behaviors.",,2023-11-13T19:58:22+00:00
Learning Continuum,1.2.1.1.1.2,HE.2.1.LR.A.2,"Describe the relationships among the environment, healthy behaviors, and personal health",,2023-11-13T19:58:22+00:00
Learning Continuum,1.2.1.1.1.3,HE.2.1.LR.A.3,Explain ways to prevent the spread of communicable diseases.,,2023-11-13T19:58:22+00:00
Focus Area,1.2.1.1.2,HE.2.1.LR.B,Apply health knowledge to health-related situations.,,2023-11-13T19:58:22+00:00
Learning Continuum,1.2.1.1.2.1,HE.2.1.LR.B.1,Describe when it is important to seek health care.,,2023-11-13T19:58:22+00:00
Learning Continuum,1.2.1.1.2.2,HE.2.1.LR.B.2,Describe personal and environmental barriers to practicing healthy behaviors.,,2023-11-13T19:58:22+00:00
Learning Continuum,1.2.1.1.2.3,HE.2.1.LR.B.3,"Compare various dimensions of health (e.g., emotional, mental, physical, social, environmental, and occupational).",,2023-11-13T19:58:22+00:00
Standard,1.2.2,HE.2.2,"Students will analyze the influence of family, peers, culture, media, technology, and other factors on health behaviors.",,2023-11-13T19:58:22+00:00
Learning Priority,1.2.2.1,HE.2.2.LR,Identify how influences can impact health behaviors.,,2023-11-13T19:58:22+00:00
Focus Area,1.2.2.1.1,HE.2.2.LR.A,Identify influences.,,2023-11-13T19:58:22+00:00
Learning Continuum,1.2.2.1.1.1,HE.2.2.LR.A.1,"Describe external factors, including family, peers, culture, media, technology, school environments, physical environments, and health care, which can influence health behaviors.",,2023-11-13T19:58:22+00:00
Learning Continuum,1.2.2.1.1.2,HE.2.2.LR.A.2,Give examples of messages from external factors that can influence health behaviors.,,2023-11-13T19:58:22+00:00
Learning Continuum,1.2.2.1.1.3,HE.2.2.LR.A.3,"Describe internal factors, such as personal values, beliefs, and emotions, which can influence health behaviors.",,2023-11-13T19:58:22+00:00
Focus Area,1.2.2.1.2,HE.2.2.LR.B,Explore possible impacts of influences.,,2023-11-13T19:58:23+00:00
Learning Continuum,1.2.2.1.2.1,HE.2.2.LR.B.1,Describe how internal and external factors interact to influence health behaviors. ,,2023-11-13T19:58:23+00:00
Standard,1.2.3,HE.2.3,Students will demonstrate the ability to access valid information and products and services to enhance health.,,2023-11-13T19:58:23+00:00
Learning Priority,1.2.3.1,HE.2.3.LR,Identify valid sources of health information.,,2023-11-13T19:58:23+00:00
Focus Area,1.2.3.1.1,HE.2.3.LR.A,List sources of valid health information.,,2023-11-13T19:58:23+00:00
Learning Continuum,1.2.3.1.1.1,HE.2.3.LR.A.1,"Identify characteristics of valid health information, products, and services.",,2023-11-13T19:58:23+00:00
Learning Continuum,1.2.3.1.1.2,HE.2.3.LR.A.2,Discuss ways to locate valid health information.,,2023-11-13T19:58:23+00:00
Focus Area,1.2.3.1.2,HE.2.3.LR.B,Identify valid health information to promote health.,,2023-11-13T19:58:23+00:00
Learning Continuum,1.2.3.1.2.1,HE.2.3.LR.B.1,Identify valid sources of health information.,,2023-11-13T19:58:23+00:00
Standard,1.2.4,HE.2.4,Students will demonstrate the ability to use interpersonal communication skills to enhance health and avoid or reduce health risks.,,2023-11-13T19:58:23+00:00
Learning Priority,1.2.4.1,HE.2.4.LR,Demonstrate interpersonal communication skills.,,2023-11-13T19:58:23+00:00
Focus Area,1.2.4.1.1,HE.2.4.LR.A,Demonstrate communication skills that can improve health.,,2023-11-13T19:58:23+00:00
Learning Continuum,1.2.4.1.1.1,HE.2.4.LR.A.1,Demonstrate effective verbal and nonverbal communication skills to enhance health.,,2023-11-13T19:58:23+00:00
Learning Continuum,1.2.4.1.1.2,HE.2.4.LR.A.2,Describe how to ask for assistance.,,2023-11-13T19:58:23+00:00
Focus Area,1.2.4.1.2,HE.2.4.LR.B,"Demonstrate communication skills that prevent, resolve, or reduce health risks.",,2023-11-13T19:58:23+00:00
Learning Continuum,1.2.4.1.2.1,HE.2.4.LR.B.1,Demonstrate ways to prevent health risks and conflict through communications.,,2023-11-13T19:58:23+00:00
Learning Continuum,1.2.4.1.2.2,HE.2.4.LR.B.2,Identify refusal skills that avoid or reduce health risks.,,2023-11-13T19:58:23+00:00
Learning Continuum,1.2.4.1.2.3,HE.2.4.LR.B.3,"Discuss nonviolent strategies to reduce, manage, or resolve conflict.",,2023-11-13T19:58:23+00:00
Standard,1.2.5,HE.2.5,Students will demonstrate the ability to use decision-making skills to enhance health.,,2023-11-13T19:58:23+00:00
Learning Priority,1.2.5.1,HE.2.5.LR,Apply a decision-making process to evaluate health options.,,2023-11-13T19:58:23+00:00
Focus Area,1.2.5.1.1,HE.2.5.LR.A,Continue to identify health-related situations that require a decision.,,2023-11-13T19:58:23+00:00
Learning Continuum,1.2.5.1.1.1,HE.2.5.LR.A.1,Identify situations that require a thoughtful decision.,,2023-11-13T19:58:23+00:00
Learning Continuum,1.2.5.1.1.2,HE.2.5.LR.A.2,List healthy options to health-related issues or problems.,,2023-11-13T19:58:23+00:00
Learning Continuum,1.2.5.1.1.3,HE.2.5.LR.A.3,Choose the healthiest option when making a decision.,,2023-11-13T19:58:23+00:00
Focus Area,1.2.5.1.2,HE.2.5.LR.B,Examine and apply how a decision-making process can enhance health.,,2023-11-13T19:58:23+00:00
Learning Continuum,1.2.5.1.2.1,HE.2.5.LR.B.1,Determine when assistance is needed in making a health-related decision. ,,2023-11-13T19:58:23+00:00
Learning Continuum,1.2.5.1.2.2,HE.2.5.LR.B.2,Examine the potential outcomes of each option when making a health-related decision.,,2023-11-13T19:58:23+00:00
Standard,1.2.6,HE.2.6,Students will demonstrate the ability to use goal-setting skills to enhance health.,,2023-11-13T19:58:23+00:00
Learning Priority,1.2.6.1,HE.2.6.LR,Apply goal-setting skills to improve health.,,2023-11-13T19:58:23+00:00
Focus Area,1.2.6.1.1,HE.2.6.LR.A,Identify ways to achieve a personal health goal.,,2023-11-13T19:58:23+00:00
Learning Continuum,1.2.6.1.1.1,HE.2.6.LR.A.1,Identify resources to assist in achieving a personal health goal.,,2023-11-13T19:58:23+00:00
Learning Continuum,1.2.6.1.1.2,HE.2.6.LR.A.2,"Identify key family, school, and community members that can assist in achieving a personal health goal.",,2023-11-13T19:58:23+00:00
Focus Area,1.2.6.1.2,HE.2.6.LR.B,Practice appropriate goal-setting skills to achieve a personal health goal.,,2023-11-13T19:58:23+00:00
Learning Continuum,1.2.6.1.2.1,HE.2.6.LR.B.1,Choose a clear and realistic personal health goal.,,2023-11-13T19:58:23+00:00
Learning Continuum,1.2.6.1.2.2,HE.2.6.LR.B.2,Develop a plan for reaching the goal.,,2023-11-13T19:58:23+00:00
Learning Continuum,1.2.6.1.2.3,HE.2.6.LR.B.3,Track progress toward goal achievement.,,2023-11-13T19:58:23+00:00
Standard,1.2.7,HE.2.7,Students will demonstrate the ability to use health-enhancing behaviors and avoid or reduce health risks.,,2023-11-13T19:58:23+00:00
Learning Priority,1.2.7.1,HE.2.7.LR,Demonstrate a variety of health-enhancing behaviors.,,2023-11-13T19:58:23+00:00
Focus Area,1.2.7.1.1,HE.2.7.LR.A,Identify health-enhancing behaviors.,,2023-11-13T19:58:23+00:00
Learning Continuum,1.2.7.1.1.1,HE.2.7.LR.A.1,"Identify responsible personal health behaviors. These may include but are not limited to proper hygiene, physical activity, healthy eating, and safety-related behaviors.",,2023-11-13T19:58:23+00:00
Focus Area,1.2.7.1.2,HE.2.7.LR.B,Demonstrate health-enhancing behaviors.,,2023-11-13T19:58:23+00:00
Learning Continuum,1.2.7.1.2.1,HE.2.7.LR.B.1,"Demonstrate behaviors that will maintain or improve personal health. These may include but are not limited to engaging in regular, age-appropriate physical activity; making complex food choices that constitute healthy eating; and following medical instructions during illness.",,2023-11-13T19:58:23+00:00
Learning Continuum,1.2.7.1.2.2,HE.2.7.LR.B.2,"Demonstrate behaviors that avoid or reduce health risks. These may include but are not limited to looking both ways before crossing the street; wearing a seat belt; wearing a bike helmet; and refraining from alcohol, tobacco, and other drug use.",,2023-11-13T19:58:23+00:00
Standard,1.2.8,HE.2.8,"Students will demonstrate the ability to advocate for personal, family, and community health.",,2023-11-13T19:58:23+00:00
Learning Priority,1.2.8.1,HE.2.8.LR,Describe advocacy and health-related situations for which it is appropriate.,,2023-11-13T19:58:23+00:00
Focus Area,1.2.8.1.1,HE.2.8.LR.A,Define advocacy.,,2023-11-13T19:58:23+00:00
Learning Continuum,1.2.8.1.1.1,HE.2.8.LR.A.1,State opinions about health issues.,,2023-11-13T19:58:23+00:00
Learning Continuum,1.2.8.1.1.2,HE.2.8.LR.A.2,Discuss factual information about health issues with family members or trusted adults.,,2023-11-13T19:58:23+00:00
Learning Continuum,1.2.8.1.1.3,HE.2.8.LR.A.3,Define advocacy.,,2023-11-13T19:58:23+00:00
Focus Area,1.2.8.2,HE.2.8.LR.B,Describe situations where advocacy is appropriate.,,2023-11-13T19:58:23+00:00
Learning Continuum,1.2.8.2.1,HE.2.8.LR.B.1,Discuss situations where advocacy may be used.,,2023-11-13T19:58:23+00:00
Learning Continuum,1.2.8.2.2,HE.2.8.LR.B.2,List types of situations in which one could model health-enhancing behaviors.,,2023-11-13T19:58:23+00:00
Learning Continuum,1.2.8.2.3,HE.2.8.LR.B.3,Encourage family members to engage in health-enhancing behaviors through actions or suggestions.,,2023-11-13T19:58:23+00:00
Education Level,1.3,HE.3,Grades 6-8,6-8,2023-11-15T14:40:00+00:00
Standard,1.3.1,HE.3.1,Students will comprehend concepts related to health promotion and disease prevention to enhance health. ,,2023-11-13T19:58:23+00:00
Learning Priority,1.3.1.1,HE.3.1.LR,Comprehend and apply concepts related to health promotion and disease prevention.,,2023-11-13T19:58:23+00:00
Focus Area,1.3.1.1.1,HE.3.1.LR.A,Identify the components of health promotion and disease prevention.,,2023-11-13T19:58:23+00:00
Learning Continuum,1.3.1.1.1.1,HE.3.1.LR.A.1,"Describe specific behaviors that can reduce or prevent injuries and communicable or chronic diseases. These may include but are not limited to refraining from alcohol, tobacco, and other drug use; engaging in physical activity; demonstrating healthy eating; sexual behaviors; applying social behaviors to prevent or reduce violence; safety and related behaviors.",,2023-11-13T19:58:23+00:00
Learning Continuum,1.3.1.1.1.2,HE.3.1.LR.A.2,Describe the negative consequences of engaging in unhealthy behaviors.,,2023-11-13T19:58:23+00:00
Learning Continuum,1.3.1.1.1.3,HE.3.1.LR.A.3,Describe how family history can affect personal health.,,2023-11-13T19:58:23+00:00
Learning Continuum,1.3.1.1.1.4,HE.3.1.LR.A.4,Describe how physical and social environments can affect personal health.,,2023-11-13T19:58:23+00:00
Focus Area,1.3.1.1.2,HE.3.1.LR.B,Analyze the benefits of and barriers to practicing healthy behaviors.,,2023-11-13T19:58:23+00:00
Learning Continuum,1.3.1.1.2.1,HE.3.1.LR.B.1,Analyze the relationships between healthy behaviors and personal health.,,2023-11-13T19:58:23+00:00
Learning Continuum,1.3.1.1.2.2,HE.3.1.LR.B.2,Examine healthy behaviors and consequences related to a health issue.,,2023-11-13T19:58:23+00:00
Learning Continuum,1.3.1.1.2.3,HE.3.1.LR.B.3,Predict the outcomes of a variety of unhealthy behaviors.,,2023-11-13T19:58:23+00:00
Standard,1.3.2,HE.3.2,"Students will analyze the influence of family, peers, culture, media, technology, and other factors on health behaviors.",,2023-11-13T19:58:23+00:00
Learning Priority,1.3.2.1,HE.3.2.LR,Examine how internal and external factors influence personal health behaviors.,,2023-11-13T19:58:23+00:00
Focus Area,1.3.2.1.1,HE.3.2.LR.A,Examine impact of influences.,,2023-11-13T19:58:23+00:00
Learning Continuum,1.3.2.1.1.1,HE.3.2.LR.A.1,Examine how external and internal factors can influence health behaviors.,,2023-11-13T19:58:23+00:00
Learning Continuum,1.3.2.1.1.2,HE.3.2.LR.A.2,Provide examples of how factors can interact to influence health behaviors.,,2023-11-13T19:58:23+00:00
Learning Continuum,1.3.2.1.1.3,HE.3.2.LR.A.3,"Examine how one’s family, culture, and peers influence one’s own personal health behaviors.",,2023-11-13T19:58:23+00:00
Learning Continuum,1.3.2.1.1.4,HE.3.2.LR.A.4,Examine how media and technology influence one’s own personal health behaviors.,,2023-11-13T19:58:23+00:00
Learning Continuum,1.3.2.1.1.5,HE.3.2.LR.A.5,Examine how one’s values and beliefs influence one’s own personal health behaviors.,,2023-11-13T19:58:23+00:00
Standard,1.3.3,HE.3.3,Students will demonstrate the ability to access valid information and products and services to enhance health.,,2023-11-13T19:58:23+00:00
Learning Priority,1.3.3.1,HE.3.3.LR,Demonstrate and apply strategies to access valid sources of health information.,,2023-11-13T19:58:23+00:00
Focus Area,1.3.3.1.1,HE.3.3.LR.A,Identify criteria for choosing accurate sources of information.,,2023-11-13T19:58:23+00:00
Learning Continuum,1.3.3.1.1.1,HE.3.3.LR.A.1,Describe situations that require accurate health information.,,2023-11-13T19:58:23+00:00
Learning Continuum,1.3.3.1.1.2,HE.3.3.LR.A.2,"Locate sources of valid health information from home, school, and community.",,2023-11-13T19:58:23+00:00
Learning Continuum,1.3.3.1.1.3,HE.3.3.LR.A.3,Describe criteria for evaluating resources.,,2023-11-13T19:58:23+00:00
Focus Area,1.3.3.1.2,HE.3.3.LR.B,Apply models to analyze sources of information for validity and reliability.,,2023-11-13T19:58:23+00:00
Learning Continuum,1.3.3.1.2.1,HE.3.3.LR.B.1,"Analyze the validity of information about health issues, products, and services.",,2023-11-13T19:58:23+00:00
Standard,1.3.4,HE.3.4,Students will demonstrate the ability to use interpersonal communication skills to enhance health and avoid or reduce health risks.,,2023-11-13T19:58:23+00:00
Learning Priority,1.3.4.1,HE.3.4.LR,Examine and demonstrate communication skills that enhance health and avoid health risks.,,2023-11-13T19:58:23+00:00
Focus Area,1.3.4.1.1,HE.3.4.LR.A,Examine communication strategies in various health-related settings.,,2023-11-13T19:58:23+00:00
Learning Continuum,1.3.4.1.1.1,HE.3.4.LR.A.1,Examine appropriate communication strategies.,,2023-11-13T19:58:23+00:00
Learning Continuum,1.3.4.1.1.2,HE.3.4.LR.A.2,Examine the outcomes of using effective and ineffective strategies of communication.,,2023-11-13T19:58:23+00:00
Focus Area,1.3.4.1.2,HE.3.4.LR.B,Apply appropriate communication skills in various health-related settings.,,2023-11-13T19:58:23+00:00
Learning Continuum,1.3.4.1.2.1,HE.3.4.LR.B.1,Demonstrate refusal and limit setting skills that avoid health risks.,,2023-11-13T19:58:23+00:00
Learning Continuum,1.3.4.1.2.2,HE.3.4.LR.B.2,Demonstrate effective conflict resolution skills.,,2023-11-13T19:58:23+00:00
Learning Continuum,1.3.4.1.2.3,HE.3.4.LR.B.3,"Demonstrate ways, such as restorative justice practices, to manage or resolve interpersonal conflicts without harming self or others.",,2023-11-13T19:58:23+00:00
Standard,1.3.5,HE.3.5,Students will demonstrate the ability to use decision-making skills to enhance health.,,2023-11-13T19:58:23+00:00
Learning Priority,1.3.5.1,HE.3.5.LR,Apply a decision-making process in various health-related situations.,,2023-11-13T19:58:23+00:00
Focus Area,1.3.5.1.1,HE.3.5.LR.A,Identify situations where effective decision-making skills are implemented.,,2023-11-13T19:58:23+00:00
Learning Continuum,1.3.5.1.1.1,HE.3.5.LR.A.1,Determine when individual or collaborative decision making is appropriate.,,2023-11-13T19:58:23+00:00
Focus Area,1.3.5.1.2,HE.3.5.LR.B,Assess the impact of a decision-making process on health-related situations.,,2023-11-13T19:58:23+00:00
Learning Continuum,1.3.5.1.2.1,HE.3.5.LR.B.1,Demonstrate decision making in a health-related situation.,,2023-11-13T19:58:23+00:00
Learning Continuum,1.3.5.1.2.2,HE.3.5.LR.B.2,Predict the impact of each decision on self and others.,,2023-11-13T19:58:23+00:00
Learning Continuum,1.3.5.1.2.3,HE.3.5.LR.B.3,Analyze the outcome of a health-related decision.,,2023-11-13T19:58:24+00:00
Standard,1.3.6,HE.3.6,Students will demonstrate the ability to use goal-setting skills to enhance health.,,2023-11-13T19:58:24+00:00
Learning Priority,1.3.6.1,HE.3.6.LR,Apply goal-setting skills to health situations.,,2023-11-13T19:58:24+00:00
Focus Area,1.3.6.1.1,HE.3.6.LR.A,Identify additional steps to setting and achieving realistic health goals.,,2023-11-13T19:58:24+00:00
Learning Continuum,1.3.6.1.1.1,HE.3.6.LR.A.1,Establish a baseline of personal health behaviors and health status.,,2023-11-13T19:58:24+00:00
Learning Continuum,1.3.6.1.1.2,HE.3.6.LR.A.2,Identify strategies and behaviors needed to maintain or improve health status.,,2023-11-13T19:58:24+00:00
Learning Continuum,1.3.6.1.1.3,HE.3.6.LR.A.3,Identify strategies that might be utilized to overcome barriers or setbacks.,,2023-11-13T19:58:24+00:00
Focus Area,1.3.6.1.2,HE.3.6.LR.B,Apply goal-setting skills to various health-related situations.,,2023-11-13T19:58:24+00:00
Learning Continuum,1.3.6.1.2.1,HE.3.6.LR.B.1,"Examine how personal health goals can be impacted by various abilities, priorities, and responsibilities that may change throughout the lifespan.",,2023-11-13T19:58:24+00:00
Learning Continuum,1.3.6.1.2.2,HE.3.6.LR.B.2,Develop goals to maintain or improve personal health status.,,2023-11-13T19:58:24+00:00
Learning Continuum,1.3.6.1.2.3,HE.3.6.LR.B.3,Assess the effectiveness of strategies to reach personal health goals.,,2023-11-13T19:58:24+00:00
Standard,1.3.7,HE.3.7,Students will demonstrate the ability to use health-enhancing behaviors and avoid or reduce health risks.,,2023-11-13T19:58:24+00:00
Learning Priority,1.3.7.1,HE.3.7.LR,Apply health-enhancing behaviors that maintain or improve the health of self and others.,,2023-11-13T19:58:24+00:00
Focus Area,1.3.7.1.1,HE.3.7.LR.A,Explain the importance of self-responsibility for personal health behaviors.,,2023-11-13T19:58:24+00:00
Learning Continuum,1.3.7.1.1.1,HE.3.7.LR.A.1,"Evaluate behaviors that maintain or improve the health of self and others. These may include but are not limited to refraining from risky sexual behaviors; refraining from alcohol, tobacco, and other drug use; engaging in regular and varied physical activity; meal planning that leads to healthy eating; applying social behaviors to prevent or reduce violence; practicing safety-related behaviors in various complex settings; and appropriate use of the health care system.",,2023-11-13T19:58:24+00:00
Focus Area,1.3.7.1.2,HE.3.7.LR.B,Demonstrate the role of self-responsibility in enhancing health.,,2023-11-13T19:58:24+00:00
Learning Continuum,1.3.7.1.2.1,HE.3.7.LR.B.1,Demonstrate health-enhancing practices and behaviors that help maintain or improve the health of self and others.,,2023-11-13T19:58:24+00:00
Learning Continuum,1.3.7.1.2.2,HE.3.7.LR.B.2,Demonstrate behaviors that avoid or reduce health risks to self and others.,,2023-11-13T19:58:24+00:00
Standard,1.3.8,HE.3.8,"Students will demonstrate the ability to advocate for personal, family, and community health.",,2023-11-13T19:58:24+00:00
Learning Priority,1.3.8.1,HE.3.8.LR,Develop health-promoting strategies that support family or friends to make positive health choices.,,2023-11-13T19:58:24+00:00
Focus Area,1.3.8.1.1,HE.3.8.LR.A,Develop an advocacy plan to promote health.,,2023-11-13T19:58:24+00:00
Learning Continuum,1.3.8.1.1.1,HE.3.8.LR.A.1,Develop an age-appropriate definition of advocacy.,,2023-11-13T19:58:24+00:00
Learning Continuum,1.3.8.1.1.2,HE.3.8.LR.A.2,"Plan ways to advocate for healthy individuals, families, and schools.",,2023-11-13T19:58:24+00:00
Learning Continuum,1.3.8.1.1.3,HE.3.8.LR.A.3,Incorporate accurate information as it relates to a health enhancing position to advocate for self and others.,,2023-11-13T19:58:24+00:00
Learning Continuum,1.3.8.1.1.4,HE.3.8.LR.A.4,Discuss the barriers that could be involved in an advocacy effort.,,2023-11-13T19:58:24+00:00
Focus Area,1.3.8.1.2,HE.3.8.LR.B,Implement an advocacy plan pertaining to a health issue.,,2023-11-13T19:58:24+00:00
Learning Continuum,1.3.8.1.2.1,HE.3.8.LR.B.1,Predict how an advocacy plan will influence and support the health status of others.,,2023-11-13T19:58:24+00:00
Learning Continuum,1.3.8.1.2.2,HE.3.8.LR.B.2,Apply a plan to advocate for a health issue for people that experience health disparities.,,2023-11-13T19:58:24+00:00
Learning Continuum,1.3.8.1.2.3,HE.3.8.LR.B.3,Defend a position relating to a health issue.,,2023-11-13T19:58:24+00:00
Learning Continuum,1.3.8.1.2.4,HE.3.8.LR.B.4,Describe ways to adapt health messages for different audiences.,,2023-11-13T19:58:24+00:00
Education Level,1.4,HE.4,Grades 9-12,9-12,2023-11-15T14:40:33+00:00
Standard,1.4.1,HE.4.1,Students will comprehend concepts related to health promotion and disease prevention to enhance health. ,,2023-11-13T19:58:24+00:00
Learning Priority,1.4.1.1,HE.4.1.LR,Examine and apply health concepts related to health promotion and disease prevention.,,2023-11-13T19:58:24+00:00
Focus Area,1.4.1.1.1,HE.4.1.LR.A,Analyze the impact of determinants of health.,,2023-11-13T19:58:24+00:00
Learning Continuum,1.4.1.1.1.1,HE.4.1.LR.A.1,Analyze how genetics and family history can affect personal health.,,2023-11-13T19:58:24+00:00
Learning Continuum,1.4.1.1.1.2,HE.4.1.LR.A.2,"Examine the interrelationships of various dimensions of health (e.g., emotional, mental, physical, social, environmental, and occupational).",,2023-11-13T19:58:24+00:00
Learning Continuum,1.4.1.1.1.3,HE.4.1.LR.A.3,"Analyze the impact of unhealthy behavior on various dimensions of health (e.g., emotional, mental, physical, social, environmental, and occupational).",,2023-11-13T19:58:24+00:00
Learning Continuum,1.4.1.1.1.4,HE.4.1.LR.A.4,Predict how personal behaviors and access to appropriate health care can affect health.,,2023-11-13T19:58:24+00:00
Learning Continuum,1.4.1.1.1.5,HE.4.1.LR.A.5,Analyze how environment and personal health are interrelated.,,2023-11-13T19:58:24+00:00
Focus Area,1.4.1.1.2,HE.4.1.LR.B,Explore factors that impact health status.,,2023-11-13T19:58:24+00:00
Learning Continuum,1.4.1.1.2.1,HE.4.1.LR.B.1,Investigate the relationship between access to health care and health status.,,2023-11-13T19:58:24+00:00
Learning Continuum,1.4.1.1.2.2,HE.4.1.LR.B.2,"Compare the benefits of and barriers to practicing a variety of health behaviors. These may include but are not limited to refraining from alcohol, tobacco, and other drug use; physical activity; healthy eating; social behaviors to prevent or reduce violence; safety and related behaviors.",,2023-11-13T19:58:24+00:00
Learning Continuum,1.4.1.1.2.3,HE.4.1.LR.B.3,Examine susceptibility to and severity of injury and illness if engaging in unhealthy behaviors.,,2023-11-13T19:58:24+00:00
Standard,1.4.2,HE.4.2,"Students will analyze the influence of family, peers, culture, media, technology, and other factors on health behaviors.",,2023-11-13T19:58:24+00:00
Learning Priority,1.4.2.1,HE.4.2.LR,Evaluate how influences impact health behaviors.,,2023-11-13T19:58:24+00:00
Focus Area,1.4.2.1.1,HE.4.2.LR.A,Analyze the impact of external and internal influences on the health behavior of individuals and populations.,,2023-11-13T19:58:24+00:00
Learning Continuum,1.4.2.1.1.1,HE.4.2.LR.A.1,"Analyze how external influences, individually and in combination with others, can influence individuals’ health behaviors and that of certain populations.",,2023-11-13T19:58:24+00:00
Learning Continuum,1.4.2.1.1.2,HE.4.2.LR.A.2,"Analyze how internal influences, including perception of social norms among peers, can influence individuals’ health behaviors and that of certain populations.",,2023-11-13T19:58:24+00:00
Learning Continuum,1.4.2.1.1.3,HE.4.2.LR.A.3,Examine how social policies can influence health behaviors.,,2023-11-13T19:58:24+00:00
Learning Continuum,1.4.2.1.1.4,HE.4.2.LR.A.4,Estimate the impact of internal and external influences on one’s own personal health behavior.,,2023-11-13T19:58:24+00:00
Learning Continuum,1.4.2.1.1.5,HE.4.2.LR.A.5,Predict how various external and internal influences will interact and impact the health behavior of populations.,,2023-11-13T19:58:24+00:00
Standard,1.4.3,HE.4.3,Students will demonstrate the ability to access valid information and products and services to enhance health.,,2023-11-13T19:58:24+00:00
Learning Priority,1.4.3.1,HE.4.3.LR,Examine strategies to access valid and reliable sources of health information.,,2023-11-13T19:58:24+00:00
Focus Area,1.4.3.1.1,HE.4.3.LR.A,Continue to apply criteria for choosing accurate sources of information.,,2023-11-13T19:58:24+00:00
Learning Continuum,1.4.3.1.1.1,HE.4.3.LR.A.1,"Determine the availability of information, products, and services that enhance health.",,2023-11-13T19:58:24+00:00
Learning Continuum,1.4.3.1.1.2,HE.4.3.LR.A.2,"Access health information, products, and services that improve health outcomes.",,2023-11-13T19:58:24+00:00
Learning Continuum,1.4.3.1.1.3,HE.4.3.LR.A.3,Determine when professional health services may be needed and how to access them.,,2023-11-13T19:58:24+00:00
Focus Area,1.4.3.1.2,HE.4.3.LR.B,Analyze sources of information for validity and reliability.,,2023-11-13T19:58:24+00:00
Learning Continuum,1.4.3.1.2.1,HE.4.3.LR.B.1,Evaluate the validity of sources of health information using key criteria.,,2023-11-13T19:58:24+00:00
Standard,1.4.4,HE.4.4,Students will demonstrate the ability to use interpersonal communication skills to enhance health and avoid or reduce health risks.,,2023-11-13T19:58:24+00:00
Learning Priority,1.4.4.1,HE.4.4.LR,Analyze various communication skills that enhance health and avoid health risks.,,2023-11-13T19:58:24+00:00
Focus Area,1.4.4.1.1,HE.4.4.LR.A,Continue to analyze communication skills in various health-related settings.,,2023-11-13T19:58:24+00:00
Learning Continuum,1.4.4.1.1.1,HE.4.4.LR.A.1,"Analyze communication strategies for effective interaction among family, peers, and others to enhance health.",,2023-11-13T19:58:24+00:00
Learning Continuum,1.4.4.1.1.2,HE.4.4.LR.A.2,Reflect on the impact of communication on enhancing health.,,2023-11-13T19:58:24+00:00
Learning Continuum,1.4.4.1.1.3,HE.4.4.LR.A.3,Demonstrate how to ask for and offer assistance to enhance the health of self and others.,,2023-11-13T19:58:24+00:00
Focus Area,1.4.4.1.2,HE.4.4.LR.B,Demonstrate communication skills in health-related situations.,,2023-11-13T19:58:24+00:00
Learning Continuum,1.4.4.1.2.1,HE.4.4.LR.B.1,"Demonstrate refusal, negotiation, and collaboration skills to enhance health and avoid or reduce health risks.",,2023-11-13T19:58:24+00:00
Learning Continuum,1.4.4.1.2.2,HE.4.4.LR.B.2,Demonstrate strategies to prevent interpersonal conflicts.,,2023-11-13T19:58:24+00:00
Learning Continuum,1.4.4.1.2.3,HE.4.4.LR.B.3,"Demonstrate ways, such as restorative justice practices, to manage or resolve interpersonal conflicts without harming self or others.",,2023-11-13T19:58:24+00:00
Standard,1.4.5,HE.4.5,Students will demonstrate the ability to use decision-making skills to enhance health.,,2023-11-13T19:58:24+00:00
Learning Priority,1.4.5.1,HE.4.5.LR,Examine the use of a decision-making process in various health-related situations.,,2023-11-13T19:58:24+00:00
Focus Area,1.4.5.1.1,HE.4.5.LR.A,Evaluate the impact of a decision-making process on health-related situations.,,2023-11-13T19:58:24+00:00
Learning Continuum,1.4.5.1.1.1,HE.4.5.LR.A.1,Identify situations in which using a thoughtful decision-making process would be health-enhancing.,,2023-11-13T19:58:24+00:00
Learning Continuum,1.4.5.1.1.2,HE.4.5.LR.A.2,Justify when individual or collaborative decision making is appropriate.,,2023-11-13T19:58:24+00:00
Focus Area,1.4.5.1.2,HE.4.5.LR.B,Apply effective decision-making skills to enhance health.,,2023-11-13T19:58:24+00:00
Learning Continuum,1.4.5.1.2.1,HE.4.5.LR.B.1,"Demonstrate effective decision-making processes related to various complex and relevant health-related situations. These may include but are not limited to decisions about personal behaviors, decisions related to social behaviors, and use of the health care system.",,2023-11-13T19:58:24+00:00
Learning Continuum,1.4.5.1.2.2,HE.4.5.LR.B.2,Generate alternatives for health-related issues or problems.,,2023-11-13T19:58:24+00:00
Learning Continuum,1.4.5.1.2.3,HE.4.5.LR.B.3,Examine barriers that can hinder healthy decision making.,,2023-11-13T19:58:24+00:00
Learning Continuum,1.4.5.1.2.4,HE.4.5.LR.B.4,Predict the potential short-term and long-term impacts of each alternative on self and others.,,2023-11-13T19:58:24+00:00
Learning Continuum,1.4.5.1.2.5,HE.4.5.LR.B.5,Defend the healthy choice when making decisions.,,2023-11-13T19:58:24+00:00
Learning Continuum,1.4.5.1.2.6,HE.4.5.LR.B.6,Evaluate the effectiveness of a health-related decision.,,2023-11-13T19:58:24+00:00
Standard,1.4.6,HE.4.6,Students will demonstrate the ability to use goal-setting skills to enhance health.,,2023-11-13T19:58:24+00:00
Learning Priority,1.4.6.1,HE.4.6.LR,Apply goal-setting skills.,,2023-11-13T19:58:24+00:00
Focus Area,1.4.6.1.1,HE.4.6.LR.A,Analyze issues that impact setting a goal.,,2023-11-13T19:58:24+00:00
Learning Continuum,1.4.6.1.1.1,HE.4.6.LR.A.1,Assess personal health practices and their impact on overall health status.,,2023-11-13T19:58:24+00:00
Learning Continuum,1.4.6.1.1.2,HE.4.6.LR.A.2,Evaluate potential barriers or setbacks that may impede one’s ability to reach his/her health goal.,,2023-11-13T19:58:24+00:00
Learning Continuum,1.4.6.1.1.3,HE.4.6.LR.A.3,Identify strategies that might be utilized to overcome barriers or setbacks.,,2023-11-13T19:58:24+00:00
Focus Area,1.4.6.1.2,HE.4.6.LR.B,Apply goal-setting skills to various health-related situations.,,2023-11-13T19:58:24+00:00
Learning Continuum,1.4.6.1.2.1,HE.4.6.LR.B.1,Formulate an effective long-term personal health goal.,,2023-11-13T19:58:24+00:00
Learning Continuum,1.4.6.1.2.2,HE.4.6.LR.B.2,"Develop a plan to reach a personal health goal that addresses strengths, needs, and risks.",,2023-11-13T19:58:24+00:00
Learning Continuum,1.4.6.1.2.3,HE.4.6.LR.B.3,Implement a plan and monitor progress in achieving a personal health goal.,,2023-11-13T19:58:24+00:00
Standard,1.4.7,HE.4.7,Students will demonstrate the ability to use health-enhancing behaviors and avoid or reduce health risks.,,2023-11-13T19:58:24+00:00
Learning Priority,1.4.7.1,HE.4.7.LR,"Demonstrate age-appropriate, health enhancing behaviors to reduce health risks.",,2023-11-13T19:58:24+00:00
Focus Area,1.4.7.1.1,HE.4.7.LR.A,Examine health-enhancing behaviors.,,2023-11-13T19:58:24+00:00
Learning Continuum,1.4.7.1.1.1,HE.4.7.LR.A.1,"Determine behaviors that will protect and promote health in high risk situations. These may include but are not limited to refraining from risky sexual behaviors; refraining from alcohol, tobacco, and other drug use; engaging in various forms of physical activity appropriate to current and future life stages; making complex food choices in various food environments to support healthy eating; applying social behaviors to prevent or reduce violence in settings relevant to one’s culture; practicing safety-related behaviors in high risk situations; and appropriately accessing health care services for routine preventive care and for illnesses and injuries.",,2023-11-13T19:58:24+00:00
Learning Continuum,1.4.7.1.1.2,HE.4.7.LR.A.2,Analyze the roles of individual responsibility and the health care system in enhancing health.,,2023-11-13T19:58:24+00:00
Focus Area,1.4.7.1.2,HE.4.7.LR.B,Demonstrate a variety of health-enhancing behaviors.,,2023-11-13T19:58:24+00:00
Learning Continuum,1.4.7.1.2.1,HE.4.7.LR.B.1,"Demonstrate a variety of health practices and behaviors that will maintain or improve the health of self and others. These include, but are not limited to personal behaviors such as regular and health-enhancing physical activity, healthy eating, and accessing appropriate preventive health care services.",,2023-11-13T19:58:24+00:00
Learning Continuum,1.4.7.1.2.2,HE.4.7.LR.B.2,"Demonstrate a variety of behaviors that avoid or reduce health risks to self and others. These include, but are not limited to various complex safety-related behaviors, appropriately accessing mental and physical health care services, and carefully following medical advice and instructions.",,2023-11-13T19:58:25+00:00
Standard,1.4.8,HE.4.8,"Students will demonstrate the ability to advocate for personal, family, and community health.",,2023-11-13T19:58:25+00:00
Learning Priority,1.4.8.1,HE.4.8.LR,Apply skills to advocate for a health issue.,,2023-11-13T19:58:25+00:00
Focus Area,1.4.8.1.1,HE.4.8.LR.A,Develop strategies to advocate for a health issue.,,2023-11-13T19:58:25+00:00
Learning Continuum,1.4.8.1.1.1,HE.4.8.LR.A.1,Apply societal norms to formulate a health-enhancing message.,,2023-11-13T19:58:25+00:00
Learning Continuum,1.4.8.1.1.2,HE.4.8.LR.A.2,Adapt health-enhancing messages and persuasive communication techniques to a specific target audience.,,2023-11-13T19:58:25+00:00
Learning Continuum,1.4.8.1.1.3,HE.4.8.LR.A.3,Apply accurate information to support a health-enhancing message.,,2023-11-13T19:58:25+00:00
Learning Continuum,1.4.8.1.1.4,HE.4.8.LR.A.4,Develop strategies to overcome barriers or resistance to desired health action or behavior.,,2023-11-13T19:58:25+00:00
Focus Area,1.4.8.1.2,HE.4.8.LR.B,Implement an advocacy plan pertaining to a health issue.,,2023-11-13T19:58:25+00:00
Learning Continuum,1.4.8.1.2.1,HE.4.8.LR.B.1,"Develop a plan to advocate for a personal, family, or community health issue.",,2023-11-13T19:58:25+00:00
Learning Continuum,1.4.8.1.2.2,HE.4.8.LR.B.2,Implement an advocacy plan for a health issue.,,2023-11-13T19:58:25+00:00
Learning Continuum,1.4.8.1.2.3,HE.4.8.LR.B.3,Demonstrate conviction in encouraging others to make positive health choices.,,2023-11-13T19:58:25+00:00